Workbook

Sheet 2월매출
A1: 기간별 매출내역
A3: 매출일자:2026/02 ~ 2026/02 영업점:광화문점 상품구분:문구 매입처: 상품코드: 조 전체 상품분류: 음반코드: ITEM-NO: 조회구분:보관상품구분:전체 핫트랙스분류: HDC:
A5: 매입처코드 | B5: 매입처명▲ | C5: 2월
C6: 수량 | D6: 실매출금액 | E6: 전년실매출 | F6: 신장율 | G6: 이익율
A7: 0818419 | B7: (주)께끼/PB | C7: 64 | D7: 836330 | E7: 0 | F7: 0 | G7: 0.3712
A8: 0818225 | B8: (주)모리아인터내셔널 | C8: 4 | D8: 51600 | E8: 0 | F8: 0 | G8: 0.35
A9: 0818497 | B9: (주)애즈포러스 | C9: 11 | D9: 269100 | E9: 0 | F9: 0 | G9: 0.256
A10: 0811061 | B10: BRENCH | C10: 0 | D10: 0 | E10: 819800 | F10: 0 | G10: 0
A11: 0803741 | B11: BST | C11: 177 | D11: 1316370 | E11: 332930 | F11: 2.9539 | G11: 0.3336
A12: 0809045 | B12: DBD | C12: 869 | D12: 2226010 | E12: 0 | F12: 0 | G12: 0.3813
A13: 0818594 | B13: DS샵 | C13: 623 | D13: 5520450 | E13: 0 | F13: 0 | G13: 0.3635
A14: 0803023 | B14: GREEN-ZONE SCENICS | C14: 3 | D14: 2690 | E14: 600 | F14: 3.4833 | G14: 0.3476
A15: 0817832 | B15: js company | C15: 20 | D15: 307300 | E15: 0 | F15: 0 | G15: 0.2361
A16: 0816652 | B16: mkdreamscorea | C16: 22 | D16: 84800 | E16: 146800 | F16: -0.4223 | G16: 0.3774
A17: 0810685 | B17: OIMU(오이뮤) | C17: 110 | D17: 1422220 | E17: 16200 | F17: 86.7914 | G17: 0.3586
A18: 0817705 | B18: PESCE(페셰) | C18: 0 | D18: 0 | E18: 277000 | F18: 0 | G18: 0
... A500: 총 개수 | B500: 493건 | C500: 260462 | D500: 1852430540 | E500: 1638198800 | F500: 0 | G500: 0.1308

Sheet 광화문(문구)
B1: *노란색 음영 도급업체작성
A2: 영업점 | B2: 광화문점 | C2: 공제대상자 | D2: 이현지,이다연,박선영,이승은,남주영,김유빈 | I2: * 교보문고 작성
A3: 정산월 | B3: 2월 | C3: 인건비총액 | D3: =개별내역!E9 -> 18513674
K4: 공제액 산출
A5: 구분 | B5: 매입처코드 | C5: 업체명 | D5: 매출금액 | E5: 공제액 | F5: 업체점유비 | G5: 인건비율 | H5: 비고 | I5: MEMO | K5: 매입처코드 | L5: 공제금액 | N5: 25년 11월 철수 업체 : 모먼트디자인
A6: 1 | B6: 0803741 | C6: BST | D6: =VLOOKUP(B6,'2월매출'!$A$7:$D$499,4,FALSE) -> 1316370 | E6: =(D6/$D$68*100)%*$D$3 -> 76831.286 | F6: =D6/$D$68 -> 0.004149975 | G6: =IFERROR(E6/D6,0) -> 0.058366026 | K6: 0803741 | L6: =E6 -> 76831.286 | N6: 25년 12월 매입처코드 변경 : 081644 수키도키 > 0818498 수키도키
A7: 2 | B7: 0803791 | C7: 공장 | D7: =VLOOKUP(B7,'2월매출'!$A$7:$D$499,4,FALSE) -> 2146540 | E7: =(D7/$D$68*100)%*$D$3 -> 125285.01 | F7: =D7/$D$68 -> 0.0067671607 | G7: =IFERROR(E7/D7,0) -> 0.058366026 | K7: 0803791 | L7: =E7 -> 125285.01 | N7: 26년 02월 매입처이관 : 0817135 해피썬에서 0818620 더토브로 변경
A8: 3 | B8: 0816555 | C8: 냐냐온 스튜디오 | D8: =VLOOKUP(B8,'2월매출'!$A$7:$D$499,4,FALSE) -> 1519590 | E8: =(D8/$D$68*100)%*$D$3 -> 88692.43 | F8: =D8/$D$68 -> 0.0047906444 | G8: =IFERROR(E8/D8,0) -> 0.058366026 | K8: 0816555 | L8: =E8 -> 88692.43
A9: 4 | B9: 0817528 | C9: 누크코퍼레이션 | D9: =VLOOKUP(B9,'2월매출'!$A$7:$D$499,4,FALSE) -> 2874840 | E9: =(D9/$D$68*100)%*$D$3 -> 167792.99 | F9: =D9/$D$68 -> 0.0090631921 | G9: =IFERROR(E9/D9,0) -> 0.058366026 | K9: 0817528 | L9: =E9 -> 167792.99
A10: 5 | B10: 0807485 | C10: 대시앤도트 | D10: =VLOOKUP(B10,'2월매출'!$A$7:$D$499,4,FALSE) -> 3353020 | E10: =(D10/$D$68*100)%*$D$3 -> 195702.45 | F10: =D10/$D$68 -> 0.010570698 | G10: =IFERROR(E10/D10,0) -> 0.058366026 | K10: 0807485 | L10: =E10 -> 195702.45
A11: 6 | B11: 0817625 | C11: 대인커머스 | D11: =VLOOKUP(B11,'2월매출'!$A$7:$D$499,4,FALSE) -> 3231320 | E11: =(D11/$D$68*100)%*$D$3 -> 188599.31 | F11: =D11/$D$68 -> 0.010187027 | G11: =IFERROR(E11/D11,0) -> 0.058366026 | K11: 0817625 | L11: =E11 -> 188599.31
A12: 7 | B12: 0816903 | C12: 더시호 | D12: =VLOOKUP(B12,'2월매출'!$A$7:$D$499,4,FALSE) -> 1860110 | E12: =(D12/$D$68*100)%*$D$3 -> 108567.23 | F12: =D12/$D$68 -> 0.0058641644 | G12: =IFERROR(E12/D12,0) -> 0.058366026 | K12: 0816903 | L12: =E12 -> 108567.23
A13: 8 | B13: 0818620 | C13: 더토브 | D13: =VLOOKUP(B13,'2월매출'!$A$7:$D$499,4,FALSE) -> 17616460 | E13: =(D13/$D$68*100)%*$D$3 -> 1028202.8 | F13: =D13/$D$68 -> 0.055537477 | G13: =IFERROR(E13/D13,0) -> 0.058366026 | K13: 0818620 | L13: =E13 -> 1028202.8
A14: 9 | B14: 0817225 | C14: 도혜드로잉 | D14: =VLOOKUP(B14,'2월매출'!$A$7:$D$499,4,FALSE) -> 3288170 | E14: =(D14/$D$68*100)%*$D$3 -> 191917.42 | F14: =D14/$D$68 -> 0.010366252 | G14: =IFERROR(E14/D14,0) -> 0.058366026 | K14: 0817225 | L14: =E14 -> 191917.42
A15: 10 | B15: 0810456 | C15: 디앤에프조이필 | D15: =VLOOKUP(B15,'2월매출'!$A$7:$D$499,4,FALSE) -> 2122860 | E15: =(D15/$D$68*100)%*$D$3 -> 123902.9 | F15: =D15/$D$68 -> 0.0066925074 | G15: =IFERROR(E15/D15,0) -> 0.058366026 | K15: 0810456 | L15: =E15 -> 123902.9
A16: 11 | B16: 0818173 | C16: 디에스컴퍼니 | D16: =VLOOKUP(B16,'2월매출'!$A$7:$D$499,4,FALSE) -> 642520 | E16: =(D16/$D$68*100)%*$D$3 -> 37501.339 | F16: =D16/$D$68 -> 0.0020256022 | G16: =IFERROR(E16/D16,0) -> 0.058366026 | K16: 0818173 | L16: =E16 -> 37501.339
A17: 12 | B17: 0811335 | C17: 디자인랩 | D17: =VLOOKUP(B17,'2월매출'!$A$7:$D$499,4,FALSE) -> 1786780 | E17: =(D17/$D$68*100)%*$D$3 -> 104287.25 | F17: =D17/$D$68 -> 0.0056329849 | G17: =IFERROR(E17/D17,0) -> 0.058366026 | K17: 0811335 | L17: =E17 -> 104287.25
A18: 13 | B18: 0807002 | C18: 디자인피그 | D18: =VLOOKUP(B18,'2월매출'!$A$7:$D$499,4,FALSE) -> 1354810 | E18: =(D18/$D$68*100)%*$D$3 -> 79074.876 | F18: =D18/$D$68 -> 0.0042711606 | G18: =IFERROR(E18/D18,0) -> 0.058366026 | K18: 0807002 | L18: =E18 -> 79074.876
A19: 14 | B19: 0803503 | C19: 로마네 | D19: =VLOOKUP(B19,'2월매출'!$A$7:$D$499,4,FALSE) -> 12283310 | E19: =(D19/$D$68*100)%*$D$3 -> 716927.99 | F19: =D19/$D$68 -> 0.038724241 | G19: =IFERROR(E19/D19,0) -> 0.058366026 | K19: 0803503 | L19: =E19 -> 716927.99
... A67: 62 | B67: 0817530 | C67: 후추더페퍼 | D67: =VLOOKUP(B67,'2월매출'!$A$7:$D$499,4,FALSE) -> 2445440 | E67: =(D67/$D$68*100)%*$D$3 -> 142730.61 | F67: =D67/$D$68 -> 0.0077094699 | G67: =IFERROR(E67/D67,0) -> 0.058366026 | K67: 0817530 | L67: =E67 -> 142730.61
A68: 합계 | D68: =SUM(D6:D67) -> 317199500 | E68: =SUM(E6:E67) -> 18513674 | F68: =SUM(F6:F67) -> 1 | K68: 합계 | L68: =SUM(L6:L67) -> 18513674 | M68: =IF(L68-D3=0,"비용일치","불일치") -> 비용일치
A70: *수키도키는 12/1일자로 매입처코드 변경되었음 : 0816440에서 0818498 수키도키(주)로 변경
A71: *더토브는(구 해피썬) 2/22일자로 신규신청함

Sheet 개별내역
A1: 성명 | B1: 구분 | C1: 공급가액 | D1: 부가세 | E1: 합계 | F1: 비고
A2: 이현지 | B2: 현장대리인 | C2: 3052200 | D2: =C2*10% -> 305220 | E2: =C2+D2 -> 3357420
B3: 퇴직금 | C3: 212063 | D3: =C3*10% -> 21206.3 | E3: =C3+D3 -> 233269.3
A4: 이다연 | B4: 주중 | C4: 2713270 | D4: =C4*10% -> 271327 | E4: =C4+D4 -> 2984597
A5: 박선영 | B5: 주중 | C5: 2713270 | D5: =C5*10% -> 271327 | E5: =C5+D5 -> 2984597
A6: 이승은 | B6: 주중 | C6: 2713270 | D6: =C6*10% -> 271327 | E6: =C6+D6 -> 2984597
A7: 남주영 | B7: 주중 | C7: 2713270 | D7: =C7*10% -> 271327 | E7: =C7+D7 -> 2984597
A8: 김유빈 | B8: 주중 | C8: 2713270 | D8: =C8*10% -> 271327 | E8: =C8+D8 -> 2984597
A9: 계 | C9: =SUM(C2:C8) -> 16830613 | D9: =SUM(D2:D8) -> 1683061.3 | E9: =SUM(E2:E8) -> 18513674
